Country,Technology,Jobs (thousand),Source,Notes,Year
Albania,All technologies,11.28844445,,,2021
Albania,Biogas,,,,2021
Albania,CSP,,,,2021
Albania,Geothermal Energy,,,,2021
Albania,Hydropower,10.89844445,IRENA Estimate,,2021
Albania,Liquid Biofuels,,,,2021
Albania,Municipal and industrial waste,,,,2021
Albania,Others,,,,2021
Albania,Solar Heating / Cooling,0.3,IRENA estimate,Based on employment factors and capacity data,2021
Albania,Solar Photovoltaic,0.09,IRENA estimate,Based on capacity and manufacturing trends,2021
Albania,Solid Biomass,,,,2021
Albania,Wind Energy,,,,2021
Algeria,All technologies,2.348,,,2021
Algeria,Biogas,,,,2021
Algeria,CSP,,,,2021
Algeria,Geothermal Energy,,,,2021
Algeria,Hydropower,,,,2021
Algeria,Liquid Biofuels,,,,2021
Algeria,Municipal and industrial waste,,,,2021
Algeria,Others,1.848,Elmoudjahid (2016); SKTM (2016); Condor (2016),"These are people employed in CDER, SKTM and Condor ",2021
Algeria,Solar Heating / Cooling,,,,2021
Algeria,Solar Photovoltaic,0.5,IRENA estimate,IRENA estimate based on data from Renewable Energy Development Centre (CDER),2021
Algeria,Solid Biomass,,,,2021
Algeria,"Tide, Wave and Ocean Energy",,,,2021
Algeria,Wind Energy,,,,2021
All World,All technologies,12677.40253,,,2021
All World,Biogas,306.812,,,2021
All World,CSP,79.495,,,2021
All World,Geothermal Energy,196.231,,,2021
All World,Hydropower,2369.859143,,,2021
All World,Liquid Biofuels,2421.406,,,2021
All World,Municipal and industrial waste,29.974,,,2021
All World,Others,125.2,,,2021
All World,Solar Heating / Cooling,768.9813828,,,2021
All World,Solar Photovoltaic,4290.642,,,2021
All World,Solid Biomass,716.069,,,2021
All World,"Tide, Wave and Ocean Energy",1.288,,,2021
All World,Wind Energy,1371.445,,,2021
Angola,All technologies,8.557949066,,,2021
Angola,Biogas,,,,2021
Angola,CSP,,,,2021
Angola,Geothermal Energy,,,,2021
Angola,Hydropower,8.557949066,IRENA Estimate,,2021
Angola,Liquid Biofuels,,,,2021
Angola,Municipal and industrial waste,,,,2021
Angola,Others,,,,2021
Angola,Solar Heating / Cooling,,,,2021
Angola,Solar Photovoltaic,,,,2021
Angola,Solid Biomass,,,,2021
Angola,"Tide, Wave and Ocean Energy",,,,2021
Angola,Wind Energy,,,,2021
Argentina,All technologies,28.23197409,,,2021
Argentina,Biogas,0.4,IRENA focal point,,2021
Argentina,CSP,,,,2021
Argentina,Geothermal Energy,,,,2021
Argentina,Hydropower,23.90197409,IRENA Estimate,,2021
Argentina,Liquid Biofuels,0,IRENA focal point,,2021
Argentina,Municipal and industrial waste,,,,2021
Argentina,Others,,,,2021
Argentina,Solar Heating / Cooling,0,IRENA focal point,,2021
Argentina,Solar Photovoltaic,1.39,IRENA focal point,,2021
Argentina,Solid Biomass,1.4,IRENA focal point,,2021
Argentina,"Tide, Wave and Ocean Energy",,,,2021
Argentina,Wind Energy,1.14,IRENA focal point,,2021
Australia,All technologies,48.9402092,,,2021
Australia,Biogas,,,,2021
Australia,CSP,,,,2021
Australia,Geothermal Energy,0.04,ABS (2020),,2021
Australia,Hydropower,3.000209197,IRENA Estimate,,2021
Australia,Liquid Biofuels,,,,2021
Australia,Municipal and industrial waste,,,,2021
Australia,Others,1.12,ABS (2020),Government jobs,2021
Australia,Solar Heating / Cooling,4.1,IRENA estimate,Based on employment factors and capacity data,2021
Australia,Solar Photovoltaic,35,IRENA estimate,,2021
Australia,Solid Biomass,1.58,ABS (2020),,2021
Australia,"Tide, Wave and Ocean Energy",,,,2021
Australia,Wind Energy,4.1,IRENA estimate,Based on employment factors and capacity data,2021
Austria,All technologies,31.19724213,,,2021
Austria,Biogas,0.5,EurObserv'ER (2022),,2021
Austria,CSP,,,,2021
Austria,Geothermal Energy,0.924,EurObserv'ER (2022),,2021
Austria,Hydropower,10.82224213,IRENA Estimate,,2021
Austria,Liquid Biofuels,2.1,EurObserv'ER (2022),,2021
Austria,Municipal and industrial waste,0.3,EurObserv'ER (2022),,2021
Austria,Others,,,,2021
Austria,Solar Heating / Cooling,1.4,EurObserv'ER (2022),,2021
Austria,Solar Photovoltaic,4.586,IRENA estimate,Based on capacity and manufacturing trends,2021
Austria,Solid Biomass,8,EurObserv'ER (2022),,2021
Austria,"Tide, Wave and Ocean Energy",,,,2021
Austria,Wind Energy,2.565,IRENA estimate,Based on employment factors and capacity data,2021
Azerbaijan,All technologies,4.251611595,,,2021
Azerbaijan,Biogas,,,,2021
Azerbaijan,CSP,,,,2021
Azerbaijan,Geothermal Energy,,,,2021
Azerbaijan,Hydropower,4.251611595,IRENA Estimate,,2021
Azerbaijan,Liquid Biofuels,,,,2021
Azerbaijan,Municipal and industrial waste,,,,2021
Azerbaijan,Others,,,,2021
Azerbaijan,Solar Heating / Cooling,,,,2021
Azerbaijan,Solar Photovoltaic,,,,2021
Azerbaijan,Solid Biomass,,,,2021
Azerbaijan,"Tide, Wave and Ocean Energy",,,,2021
Azerbaijan,Wind Energy,,,,2021
Bangladesh,All technologies,125.173,,,2021
Bangladesh,Biogas,1,IRENA focal point,,2021
Bangladesh,CSP,,,,2021
Bangladesh,Geothermal Energy,,,,2021
Bangladesh,Hydropower,0.873,IRENA focal point,,2021
Bangladesh,Liquid Biofuels,,,,2021
Bangladesh,Municipal and industrial waste,,,,2021
Bangladesh,Others,3,IRENA focal point,,2021
Bangladesh,Solar Heating / Cooling,,,,2021
Bangladesh,Solar Photovoltaic,120,IRENA focal point,,2021
Bangladesh,Solid Biomass,,,,2021
Bangladesh,"Tide, Wave and Ocean Energy",,,,2021
Bangladesh,Wind Energy,0.3,IRENA focal point,,2021
Barbados,All technologies,0.14,,,2021
Barbados,Biogas,,,,2021
Barbados,CSP,,,,2021
Barbados,Geothermal Energy,,,,2021
Barbados,Hydropower,,,,2021
Barbados,Liquid Biofuels,,,,2021
Barbados,Municipal and industrial waste,,,,2021
Barbados,Others,,,,2021
Barbados,Solar Heating / Cooling,0.14,IRENA estimate,Based on employment factors and capacity data,2021
Barbados,Solar Photovoltaic,,,,2021
Barbados,Solid Biomass,,,,2021
Barbados,"Tide, Wave and Ocean Energy",,,,2021
Barbados,Wind Energy,,,,2021
Belarus,All technologies,1.686,,,2021
Belarus,Biogas,,,,2021
Belarus,CSP,,,,2021
Belarus,Geothermal Energy,,,,2021
Belarus,Hydropower,,,,2021
Belarus,Liquid Biofuels,,,,2021
Belarus,Municipal and industrial waste,,,,2021
Belarus,Others,,,,2021
Belarus,Solar Heating / Cooling,,,,2021
Belarus,Solar Photovoltaic,1.58,,,2021
Belarus,Solid Biomass,,,,2021
Belarus,Wind Energy,0.106,,,2021
Belgium,All technologies,11.928,,,2021
Belgium,Biogas,0.4,EurObserv'ER (2022),,2021
Belgium,CSP,,,,2021
Belgium,Geothermal Energy,0.446,EurObserv'ER (2022),,2021
Belgium,Hydropower,0.2,EurObserv'ER (2022),,2021
Belgium,Liquid Biofuels,1.7,EurObserv'ER (2022),,2021
Belgium,Municipal and industrial waste,0.3,EurObserv'ER (2022),,2021
Belgium,Others,,,,2021
Belgium,Solar Heating / Cooling,0.1,EurObserv'ER (2022),,2021
Belgium,Solar Photovoltaic,5.382,IRENA estimate,Based on capacity and manufacturing trends,2021
Belgium,Solid Biomass,1.3,EurObserv'ER (2022),,2021
Belgium,"Tide, Wave and Ocean Energy",,,,2021
Belgium,Wind Energy,2.1,IRENA estimate,Based on employment factors and capacity data,2021
Bosnia,All technologies,,,,2021
Bosnia,Biogas,,,,2021
Bosnia,CSP,,,,2021
Bosnia,Geothermal Energy,,,,2021
Bosnia,Hydropower,,,,2021
Bosnia,Liquid Biofuels,,,,2021
Bosnia,Municipal and industrial waste,,,,2021
Bosnia,Others,,,,2021
Bosnia,Solar Heating / Cooling,,,,2021
Bosnia,Solar Photovoltaic,,,,2021
Bosnia,Solid Biomass,,,,2021
Bosnia,Wind Energy,,,,2021
Botswana,All technologies,0.1,,,2021
Botswana,Biogas,,,,2021
Botswana,CSP,,,,2021
Botswana,Geothermal Energy,,,,2021
Botswana,Hydropower,,,,2021
Botswana,Liquid Biofuels,,,,2021
Botswana,Municipal and industrial waste,,,,2021
Botswana,Others,,,,2021
Botswana,Solar Heating / Cooling,0.1,IRENA estimate,Based on employment factors and capacity data,2021
Botswana,Solar Photovoltaic,,,,2021
Botswana,Solid Biomass,,,,2021
Botswana,"Tide, Wave and Ocean Energy",,,,2021
Botswana,Wind Energy,,,,2021
Brazil,All technologies,1272.02626,,,2021
Brazil,Biogas,,,,2021
Brazil,CSP,,,,2021
Brazil,Geothermal Energy,,,,2021
Brazil,Hydropower,176.8602603,IRENA Estimate,,2021
Brazil,Liquid Biofuels,874.2,IRENA estimate,168.4 sugarcane cultivation;167.8 alcohol/ethanol processing (2020); 200 in equipment manufacturing; 326.9 biodiesel,2021
Brazil,Municipal and industrial waste,,,,2021
Brazil,Others,,,,2021
Brazil,Solar Heating / Cooling,42,IRENA estimate,Based on employment factors and capacity data,2021
Brazil,Solar Photovoltaic,115.2,IRENA estimate,Based on capacity and manufacturing trends,2021
Brazil,Solid Biomass,,,,2021
Brazil,"Tide, Wave and Ocean Energy",,,,2021
Brazil,Wind Energy,63.766,IRENA estimate,Based on employment factors and capacity data,2021
Bulgaria,All technologies,22.34668772,,,2021
Bulgaria,Biogas,0.3,EurObserv'ER (2022),,2021
Bulgaria,CSP,,,,2021
Bulgaria,Geothermal Energy,0.147,EurObserv'ER (2022),,2021
Bulgaria,Hydropower,5.627687721,IRENA Estimate,,2021
Bulgaria,Liquid Biofuels,2.4,EurObserv'ER (2022),,2021
Bulgaria,Municipal and industrial waste,0.5,EurObserv'ER (2022),,2021
Bulgaria,Others,,,,2021
Bulgaria,Solar Heating / Cooling,1,EurObserv'ER (2022),,2021
Bulgaria,Solar Photovoltaic,2.1,IRENA estimate,Based on capacity and manufacturing trends,2021
Bulgaria,Solid Biomass,9.7,EurObserv'ER (2022),,2021
Bulgaria,"Tide, Wave and Ocean Energy",,,,2021
Bulgaria,Wind Energy,0.572,IRENA estimate,Based on employment factors and capacity data,2021
Burkina Faso,All technologies,0.1,,,2021
Burkina Faso,Biogas,,,,2021
Burkina Faso,CSP,,,,2021
Burkina Faso,Geothermal Energy,,,,2021
Burkina Faso,Hydropower,,,,2021
Burkina Faso,Liquid Biofuels,,,,2021
Burkina Faso,Municipal and industrial waste,,,,2021
Burkina Faso,Others,,,,2021
Burkina Faso,Solar Heating / Cooling,0.1,IRENA estimate,Based on employment factors and capacity data,2021
Burkina Faso,Solar Photovoltaic,,,,2021
Burkina Faso,Solid Biomass,,,,2021
Burkina Faso,"Tide, Wave and Ocean Energy",,,,2021
Burkina Faso,Wind Energy,,,,2021
Cambodia,All technologies,18.54545332,,,2021
Cambodia,Biogas,,,,2021
Cambodia,CSP,,,,2021
Cambodia,Geothermal Energy,,,,2021
Cambodia,Hydropower,18.54545332,IRENA Estimate,,2021
Cambodia,Liquid Biofuels,,,,2021
Cambodia,Municipal and industrial waste,,,,2021
Cambodia,Others,,,,2021
Cambodia,Solar Heating / Cooling,,,,2021
Cambodia,Solar Photovoltaic,,,,2021
Cambodia,Solid Biomass,,,,2021
Cambodia,"Tide, Wave and Ocean Energy",,,,2021
Cambodia,Wind Energy,,,,2021
Canada,All technologies,73.2198911,,,2021
Canada,Biogas,,,,2021
Canada,CSP,,,,2021
Canada,Geothermal Energy,0.13,Natural Resources Canada (2022),Direct Jobs only.,2021
Canada,Hydropower,35.1798911,IRENA Estimate,,2021
Canada,Liquid Biofuels,13.03,Natural Resources Canada (2022),1.59k direct and 11.44k indirect,2021
Canada,Municipal and industrial waste,,,,2021
Canada,Others,,,,2021
Canada,Solar Heating / Cooling,0.03,Natural Resources Canada (2022),,2021
Canada,Solar Photovoltaic,14.63,Natural Resources Canada (2022),,2021
Canada,Solid Biomass,2.82,Natural Resources Canada (2022),Direct Jobs only.,2021
Canada,"Tide, Wave and Ocean Energy",,,,2021
Canada,Wind Energy,7.4,IRENA estimate,Based on employment factors and capacity data,2021
Chile,All technologies,35.44823353,,,2021
Chile,Biogas,0,IRENA focal point,,2021
Chile,CSP,1.542,"Ministry of Energy, Chile; River Consultores (2016); Corporación de Bienes de Capital (2017)",,2021
Chile,Geothermal Energy,0.4,IRENA estimate,,2021
Chile,Hydropower,9.626233529,IRENA Estimate,,2021
Chile,Liquid Biofuels,,,,2021
Chile,Municipal and industrial waste,,,,2021
Chile,Others,,,,2021
Chile,Solar Heating / Cooling,0.25,IRENA estimate,Based on employment factors and capacity data,2021
Chile,Solar Photovoltaic,12.2,IRENA estimate,Based on employment factors and capacity data,2021
Chile,Solid Biomass,0.33,"Ministry of Energy, Chile; River Consultores (2016); Corporación de Bienes de Capital (2017) (estimates for constructing new plants planned for 2018 plus O&M from previous plants)",,2021
Chile,"Tide, Wave and Ocean Energy",0,IRENA focal point,,2021
Chile,Wind Energy,11.1,IRENA estimate,Based on employment factors and capacity data,2021
China,All technologies,5368.363408,,,2021
China,Biogas,145,China Renewable Energy Society (2022),,2021
China,CSP,59.2,China Renewable Energy Society (2022),,2021
China,Geothermal Energy,78.9,China Renewable Energy Society (2022),"3,000 in power and 75,900 in thermal applications",2021
China,Hydropower,872.2634079,IRENA Estimate,,2021
China,Liquid Biofuels,51,China Renewable Energy Society (2022),,2021
China,Municipal and industrial waste,,,,2021
China,Others,,,,2021
China,Solar Heating / Cooling,636,China Renewable Energy Society (2022),,2021
China,Solar Photovoltaic,2682,China Renewable Energy Society (2022),,2021
China,Solid Biomass,190,China Renewable Energy Society (2022),,2021
China,"Tide, Wave and Ocean Energy",,,,2021
China,Wind Energy,654,China Renewable Energy Society (2022),,2021
Chinese Taipei,All technologies,33.97,,,2021
Chinese Taipei,Biogas,,,,2021
Chinese Taipei,CSP,,,,2021
Chinese Taipei,Geothermal Energy,,,,2021
Chinese Taipei,Hydropower,,,,2021
Chinese Taipei,Liquid Biofuels,,,,2021
Chinese Taipei,Municipal and industrial waste,,,,2021
Chinese Taipei,Others,,,,2021
Chinese Taipei,Solar Heating / Cooling,0.27,IRENA estimate,Based on employment factors and capacity data,2021
Chinese Taipei,Solar Photovoltaic,30,IRENA estimate,Based on capacity and manufacturing trends,2021
Chinese Taipei,Solid Biomass,,,,2021
Chinese Taipei,"Tide, Wave and Ocean Energy",,,,2021
Chinese Taipei,Wind Energy,3.7,IRENA estimate,Based on employment factors and capacity data,2021
Colombia,All technologies,251.299477,,,2021
Colombia,Biogas,,,,2021
Colombia,CSP,,,,2021
Colombia,Geothermal Energy,,,,2021
Colombia,Hydropower,42.73047695,IRENA Estimate,,2021
Colombia,Liquid Biofuels,187.513,IRENA estimate,"111,676 jobs in ethanol and 82,250 jobs in biodiesel",2021
Colombia,Municipal and industrial waste,,,,2021
Colombia,Others,,,,2021
Colombia,Solar Heating / Cooling,,,,2021
Colombia,Solar Photovoltaic,2.38,IRENA focal point,,2021
Colombia,Solid Biomass,18.62,Ministerio de Minas y Energía (2015),,2021
Colombia,"Tide, Wave and Ocean Energy",,,,2021
Colombia,Wind Energy,0.056,IRENA focal point,,2021
Costa Rica,All technologies,1.344,,,2021
Costa Rica,Biogas,,,,2021
Costa Rica,CSP,0.002,IRENA focal point,,2021
Costa Rica,Geothermal Energy,0.103,IRENA focal point,,2021
Costa Rica,Hydropower,0.885,IRENA focal point,,2021
Costa Rica,Liquid Biofuels,,,,2021
Costa Rica,Municipal and industrial waste,,,,2021
Costa Rica,Others,,,,2021
Costa Rica,Solar Heating / Cooling,,,,2021
Costa Rica,Solar Photovoltaic,0.044,IRENA focal point,,2021
Costa Rica,Solid Biomass,0.01,IRENA focal point,,2021
Costa Rica,"Tide, Wave and Ocean Energy",,,,2021
Costa Rica,Wind Energy,0.3,IRENA Estimate,Based on employment factors and capacity data,2021
Croatia,All technologies,14.555,,,2021
Croatia,Biogas,0.8,EurObserv'ER (2022),,2021
Croatia,CSP,,,,2021
Croatia,Geothermal Energy,0.107,EurObserv'ER (2022),,2021
Croatia,Hydropower,0.7,EurObserv'ER (2022),,2021
Croatia,Liquid Biofuels,1.2,EurObserv'ER (2022),,2021
Croatia,Municipal and industrial waste,0.1,EurObserv'ER (2022),,2021
Croatia,Others,,,,2021
Croatia,Solar Heating / Cooling,0.2,EurObserv'ER (2022),,2021
Croatia,Solar Photovoltaic,0.052,IRENA estimate,Based on capacity and manufacturing trends,2021
Croatia,Solid Biomass,8.6,EurObserv'ER (2022),,2021
Croatia,"Tide, Wave and Ocean Energy",,,,2021
Croatia,Wind Energy,2.796,IRENA estimate,Based on employment factors and capacity data,2021
Cyprus,All technologies,1.62,,,2021
Cyprus,Biogas,0.1,EurObserv'ER (2022),,2021
Cyprus,CSP,,,,2021
Cyprus,Geothermal Energy,0.107,EurObserv'ER (2022),,2021
Cyprus,Hydropower,0.1,EurObserv'ER (2022),,2021
Cyprus,Liquid Biofuels,0.1,EurObserv'ER (2022),,2021
Cyprus,Municipal and industrial waste,0.1,EurObserv'ER (2022),,2021
Cyprus,Others,,,,2021
Cyprus,Solar Heating / Cooling,0.2,EurObserv'ER (2022),,2021
Cyprus,Solar Photovoltaic,0.7,IRENA estimate,Based on capacity and manufacturing trends,2021
Cyprus,Solid Biomass,0.1,EurObserv'ER (2022),,2021
Cyprus,"Tide, Wave and Ocean Energy",,,,2021
Cyprus,Wind Energy,0.113,IRENA estimate,Based on employment factors and capacity data,2021
Czechia,All technologies,23.79,,,2021
Czechia,Biogas,3.9,EurObserv'ER (2022),,2021
Czechia,CSP,,,,2021
Czechia,Geothermal Energy,0.35,EurObserv'ER (2022),,2021
Czechia,Hydropower,0.6,EurObserv'ER (2022),,2021
Czechia,Liquid Biofuels,4.3,EurObserv'ER (2022),,2021
Czechia,Municipal and industrial waste,0.1,EurObserv'ER (2022),,2021
Czechia,Others,,,,2021
Czechia,Solar Heating / Cooling,0.1,EurObserv'ER (2022),,2021
Czechia,Solar Photovoltaic,1.68,IRENA estimate,Based on capacity and manufacturing trends,2021
Czechia,Solid Biomass,12.4,EurObserv'ER (2022),,2021
Czechia,"Tide, Wave and Ocean Energy",,,,2021
Czechia,Wind Energy,0.36,IRENA estimate,Based on employment factors and capacity data,2021
Democratic Republic of the Congo,All technologies,6.098616397,,,2021
Democratic Republic of the Congo,Biogas,,,,2021
Democratic Republic of the Congo,CSP,,,,2021
Democratic Republic of the Congo,Geothermal Energy,,,,2021
Democratic Republic of the Congo,Hydropower,6.098616397,IRENA Estimate,,2021
Democratic Republic of the Congo,Liquid Biofuels,,,,2021
Democratic Republic of the Congo,Municipal and industrial waste,,,,2021
Democratic Republic of the Congo,Others,,,,2021
Democratic Republic of the Congo,Solar Heating / Cooling,,,,2021
Democratic Republic of the Congo,Solar Photovoltaic,,,,2021
Democratic Republic of the Congo,Solid Biomass,,,,2021
Democratic Republic of the Congo,"Tide, Wave and Ocean Energy",,,,2021
Democratic Republic of the Congo,Wind Energy,,,,2021
Denmark,All technologies,44.496,,,2021
Denmark,Biogas,0.5,EurObserv'ER (2022),,2021
Denmark,CSP,,,,2021
Denmark,Geothermal Energy,0.449,EurObserv'ER (2022),,2021
Denmark,Hydropower,0.1,EurObserv'ER (2022),,2021
Denmark,Liquid Biofuels,0.1,EurObserv'ER (2022),,2021
Denmark,Municipal and industrial waste,0.8,EurObserv'ER (2022),,2021
Denmark,Others,,,,2021
Denmark,Solar Heating / Cooling,0.3,EurObserv'ER (2022),,2021
Denmark,Solar Photovoltaic,3.35,IRENA estimate,Based on capacity and manufacturing trends,2021
Denmark,Solid Biomass,4.7,EurObserv'ER (2022),,2021
Denmark,"Tide, Wave and Ocean Energy",,,,2021
Denmark,Wind Energy,34.197,IRENA estimate,Based on employment factors and capacity data,2021
Dominican Republic,All technologies,0.3,,,2021
Dominican Republic,Biogas,,,,2021
Dominican Republic,CSP,,,,2021
Dominican Republic,Geothermal Energy,,,,2021
Dominican Republic,Hydropower,,,,2021
Dominican Republic,Liquid Biofuels,,,,2021
Dominican Republic,Municipal and industrial waste,,,,2021
Dominican Republic,Others,,,,2021
Dominican Republic,Solar Heating / Cooling,,,,2021
Dominican Republic,Solar Photovoltaic,,,,2021
Dominican Republic,Solid Biomass,,,,2021
Dominican Republic,"Tide, Wave and Ocean Energy",,,,2021
Dominican Republic,Wind Energy,0.3,IRENA estimate,Based on employment factors and capacity data,2021
Ecuador,All technologies,11.5941152,,,2021
Ecuador,Biogas,0.01,,,2021
Ecuador,CSP,0.009,,,2021
Ecuador,Geothermal Energy,0.018,,,2021
Ecuador,Hydropower,11.4831152,,,2021
Ecuador,Liquid Biofuels,0.016,,,2021
Ecuador,Municipal and industrial waste,0.016,,,2021
Ecuador,Others,,,,2021
Ecuador,Solar Heating / Cooling,,,,2021
Ecuador,Solar Photovoltaic,0.009,,,2021
Ecuador,Solid Biomass,0.016,,,2021
Ecuador,"Tide, Wave and Ocean Energy",,,,2021
Ecuador,Wind Energy,0.017,,,2021
Egypt,All technologies,6.92,,,2021
Egypt,Biogas,,,,2021
Egypt,CSP,0.2,,,2021
Egypt,Geothermal Energy,,,,2021
Egypt,Hydropower,0.32,,,2021
Egypt,Liquid Biofuels,,,,2021
Egypt,Municipal and industrial waste,,,,2021
Egypt,Others,,,,2021
Egypt,Solar Heating / Cooling,0.3,,,2021
Egypt,Solar Photovoltaic,1.9,,,2021
Egypt,Solid Biomass,,,,2021
Egypt,"Tide, Wave and Ocean Energy",,,,2021
Egypt,Wind Energy,4.2,,,2021
El Salvador,All technologies,0.163,,,2021
El Salvador,Biogas,,,,2021
El Salvador,CSP,,,,2021
El Salvador,Geothermal Energy,0.163,,,2021
El Salvador,Hydropower,,,,2021
El Salvador,Liquid Biofuels,,,,2021
El Salvador,Municipal and industrial waste,,,,2021
El Salvador,Others,,,,2021
El Salvador,Solar Heating / Cooling,,,,2021
El Salvador,Solar Photovoltaic,,,,2021
El Salvador,Solid Biomass,,,,2021
El Salvador,"Tide, Wave and Ocean Energy",,,,2021
El Salvador,Wind Energy,,,,2021
Estonia,All technologies,15.791,,,2021
Estonia,Biogas,0.1,,,2021
Estonia,CSP,,,,2021
Estonia,Geothermal Energy,0.593,,,2021
Estonia,Hydropower,0.1,,,2021
Estonia,Liquid Biofuels,0.2,,,2021
Estonia,Municipal and industrial waste,0.2,,,2021
Estonia,Others,,,,2021
Estonia,Solar Heating / Cooling,0.1,,,2021
Estonia,Solar Photovoltaic,3.5,,,2021
Estonia,Solid Biomass,10.3,,,2021
Estonia,"Tide, Wave and Ocean Energy",,,,2021
Estonia,Wind Energy,0.698,,,2021
Ethiopia,All technologies,52.80091757,,,2021
Ethiopia,Biogas,,,,2021
Ethiopia,CSP,,,,2021
Ethiopia,Geothermal Energy,,,,2021
Ethiopia,Hydropower,40.35616757,,,2021
Ethiopia,Liquid Biofuels,,,,2021
Ethiopia,Municipal and industrial waste,,,,2021
Ethiopia,Others,,,,2021
Ethiopia,Solar Heating / Cooling,,,,2021
Ethiopia,Solar Photovoltaic,12.18475,,,2021
Ethiopia,Solid Biomass,,,,2021
Ethiopia,"Tide, Wave and Ocean Energy",,,,2021
Ethiopia,Wind Energy,0.26,,,2021
Finland,All technologies,24.18,,,2021
Finland,Biogas,0.3,,,2021
Finland,CSP,,,,2021
Finland,Geothermal Energy,1.488,,,2021
Finland,Hydropower,0.4,,,2021
Finland,Liquid Biofuels,0.6,,,2021
Finland,Municipal and industrial waste,0.3,,,2021
Finland,Others,,,,2021
Finland,Solar Heating / Cooling,0.1,,,2021
Finland,Solar Photovoltaic,1.474,,,2021
Finland,Solid Biomass,12.6,,,2021
Finland,"Tide, Wave and Ocean Energy",,,,2021
Finland,Wind Energy,6.918,,,2021
France,All technologies,106.9398646,,,2021
France,Biogas,3.1,,,2021
France,CSP,,,,2021
France,Geothermal Energy,1.505,,,2021
France,Hydropower,14.30086462,,,2021
France,Liquid Biofuels,21.9,,,2021
France,Municipal and industrial waste,1.2,,,2021
France,Others,,,,2021
France,Solar Heating / Cooling,1,,,2021
France,Solar Photovoltaic,17.634,,,2021
France,Solid Biomass,24.3,,,2021
France,"Tide, Wave and Ocean Energy",,,,2021
France,Wind Energy,22,,,2021
Gabon,All technologies,0.097285042,,,2021
Gabon,Biogas,,,,2021
Gabon,CSP,,,,2021
Gabon,Geothermal Energy,,,,2021
Gabon,Hydropower,0.097285042,,,2021
Gabon,Liquid Biofuels,,,,2021
Gabon,Municipal and industrial waste,,,,2021
Gabon,Others,,,,2021
Gabon,Solar Heating / Cooling,,,,2021
Gabon,Solar Photovoltaic,,,,2021
Gabon,Solid Biomass,,,,2021
Gabon,"Tide, Wave and Ocean Energy",,,,2021
Gabon,Wind Energy,,,,2021
Germany,All technologies,351.9,,,2021
Germany,Biogas,39.2,,,2021
Germany,CSP,0.1,,,2021
Germany,Geothermal Energy,36,,,2021
Germany,Hydropower,5.7,,,2021
Germany,Liquid Biofuels,20.7,,,2021
Germany,Municipal and industrial waste,7.6,,,2021
Germany,Others,,,,2021
Germany,Solar Heating / Cooling,7.2,,,2021
Germany,Solar Photovoltaic,51.3,,,2021
Germany,Solid Biomass,53.8,,,2021
Germany,"Tide, Wave and Ocean Energy",,,,2021
Germany,Wind Energy,130.3,,,2021
Ghana,All technologies,15.83346596,,,2021
Ghana,Biogas,,,,2021
Ghana,CSP,,,,2021
Ghana,Geothermal Energy,,,,2021
Ghana,Hydropower,14.59946596,,,2021
Ghana,Liquid Biofuels,,,,2021
Ghana,Municipal and industrial waste,,,,2021
Ghana,Others,,,,2021
Ghana,Solar Heating / Cooling,,,,2021
Ghana,Solar Photovoltaic,1.234,,,2021
Ghana,Solid Biomass,,,,2021
Ghana,"Tide, Wave and Ocean Energy",,,,2021
Ghana,Wind Energy,,,,2021
Greece,All technologies,17.223,,,2021
Greece,Biogas,0.5,,,2021
Greece,CSP,,,,2021
Greece,Geothermal Energy,1.773,,,2021
Greece,Hydropower,0.8,,,2021
Greece,Liquid Biofuels,2.7,,,2021
Greece,Municipal and industrial waste,0.1,,,2021
Greece,Others,,,,2021
Greece,Solar Heating / Cooling,1.8,,,2021
Greece,Solar Photovoltaic,3.668,,,2021
Greece,Solid Biomass,0.4,,,2021
Greece,"Tide, Wave and Ocean Energy",,,,2021
Greece,Wind Energy,5.482,,,2021
Guinea,All technologies,1,,,2021
Guinea,Biogas,,,,2021
Guinea,CSP,,,,2021
Guinea,Geothermal Energy,,,,2021
Guinea,Hydropower,,,,2021
Guinea,Liquid Biofuels,,,,2021
Guinea,Municipal and industrial waste,,,,2021
Guinea,Others,,,,2021
Guinea,Solar Heating / Cooling,,,,2021
Guinea,Solar Photovoltaic,1,,,2021
Guinea,Solid Biomass,,,,2021
Guinea,"Tide, Wave and Ocean Energy",,,,2021
Guinea,Wind Energy,,,,2021
Hungary,All technologies,28.191,,,2021
Hungary,Biogas,0.5,,,2021
Hungary,CSP,,,,2021
Hungary,Geothermal Energy,0.728,,,2021
Hungary,Hydropower,0.1,,,2021
Hungary,Liquid Biofuels,15.8,,,2021
Hungary,Municipal and industrial waste,0.1,,,2021
Hungary,Others,,,,2021
Hungary,Solar Heating / Cooling,0.2,,,2021
Hungary,Solar Photovoltaic,0.729,,,2021
Hungary,Solid Biomass,9.2,,,2021
Hungary,"Tide, Wave and Ocean Energy",,,,2021
Hungary,Wind Energy,0.834,,,2021
Iceland,All technologies,1.397697765,,,2021
Iceland,Biogas,,,,2021
Iceland,CSP,,,,2021
Iceland,Geothermal Energy,0.784,,,2021
Iceland,Hydropower,0.612697765,,,2021
Iceland,Liquid Biofuels,,,,2021
Iceland,Municipal and industrial waste,,,,2021
Iceland,Others,,,,2021
Iceland,Solar Heating / Cooling,,,,2021
Iceland,Solar Photovoltaic,,,,2021
Iceland,Solid Biomass,,,,2021
Iceland,"Tide, Wave and Ocean Energy",,,,2021
Iceland,Wind Energy,0.001,,,2021
India,All technologies,863.1834707,,,2021
India,Biogas,85,,,2021
India,CSP,,,,2021
India,Geothermal Energy,,,,2021
India,Hydropower,413.7284707,,,2021
India,Liquid Biofuels,35.055,,,2021
India,Municipal and industrial waste,,,,2021
India,Others,,,,2021
India,Solar Heating / Cooling,19,,,2021
India,Solar Photovoltaic,217,,,2021
India,Solid Biomass,58,,,2021
India,"Tide, Wave and Ocean Energy",,,,2021
India,Wind Energy,35.4,,,2021
Indonesia,All technologies,587.1630631,,,2021
Indonesia,Biogas,,,,2021
Indonesia,CSP,,,,2021
Indonesia,Geothermal Energy,7,,,2021
Indonesia,Hydropower,24.26306305,,,2021
Indonesia,Liquid Biofuels,555.9,,,2021
Indonesia,Municipal and industrial waste,,,,2021
Indonesia,Others,,,,2021
Indonesia,Solar Heating / Cooling,,,,2021
Indonesia,Solar Photovoltaic,,,,2021
Indonesia,Solid Biomass,,,,2021
Indonesia,"Tide, Wave and Ocean Energy",,,,2021
Indonesia,Wind Energy,,,,2021
Iran (Islamic Republic of),All technologies,42.34430697,,,2021
Iran (Islamic Republic of),Biogas,,,,2021
Iran (Islamic Republic of),CSP,,,,2021
Iran (Islamic Republic of),Geothermal Energy,0.08,,,2021
Iran (Islamic Republic of),Hydropower,31.26430697,,,2021
Iran (Islamic Republic of),Liquid Biofuels,,,,2021
Iran (Islamic Republic of),Municipal and industrial waste,1,,,2021
Iran (Islamic Republic of),Others,,,,2021
Iran (Islamic Republic of),Solar Heating / Cooling,,,,2021
Iran (Islamic Republic of),Solar Photovoltaic,5,,,2021
Iran (Islamic Republic of),Solid Biomass,0,,,2021
Iran (Islamic Republic of),"Tide, Wave and Ocean Energy",,,,2021
Iran (Islamic Republic of),Wind Energy,5,,,2021
Ireland,All technologies,5.704,,,2021
Ireland,Biogas,0.1,,,2021
Ireland,CSP,,,,2021
Ireland,Geothermal Energy,0.149,,,2021
Ireland,Hydropower,0.1,,,2021
Ireland,Liquid Biofuels,0.1,,,2021
Ireland,Municipal and industrial waste,0.1,,,2021
Ireland,Others,,,,2021
Ireland,Solar Heating / Cooling,0.1,,,2021
Ireland,Solar Photovoltaic,0.83,,,2021
Ireland,Solid Biomass,1.5,,,2021
Ireland,"Tide, Wave and Ocean Energy",,,,2021
Ireland,Wind Energy,2.725,,,2021
Israel,All technologies,8.46,,,2021
Israel,Biogas,0.02,,,2021
Israel,CSP,0.1,,,2021
Israel,Geothermal Energy,,,,2021
Israel,Hydropower,,,,2021
Israel,Liquid Biofuels,0.04,,,2021
Israel,Municipal and industrial waste,0.15,,,2021
Israel,Others,,,,2021
Israel,Solar Heating / Cooling,3,,,2021
Israel,Solar Photovoltaic,5,,,2021
Israel,Solid Biomass,0.04,,,2021
Israel,"Tide, Wave and Ocean Energy",0.01,,,2021
Israel,Wind Energy,0.1,,,2021
Italy,All technologies,68.17295224,,,2021
Italy,Biogas,6.9,,,2021
Italy,CSP,,,,2021
Italy,Geothermal Energy,1.085,,,2021
Italy,Hydropower,9.963952238,,,2021
Italy,Liquid Biofuels,5.7,,,2021
Italy,Municipal and industrial waste,1.2,,,2021
Italy,Others,,,,2021
Italy,Solar Heating / Cooling,1,,,2021
Italy,Solar Photovoltaic,14.983,,,2021
Italy,Solid Biomass,19.2,,,2021
Italy,"Tide, Wave and Ocean Energy",,,,2021
Italy,Wind Energy,8.141,,,2021
Japan,All technologies,166.3955903,,,2021
Japan,Biogas,,,,2021
Japan,CSP,,,,2021
Japan,Geothermal Energy,0.214,,,2021
Japan,Hydropower,9.988590329,,,2021
Japan,Liquid Biofuels,3.102,,,2021
Japan,Municipal and industrial waste,,,,2021
Japan,Others,,,,2021
Japan,Solar Heating / Cooling,0.591,,,2021
Japan,Solar Photovoltaic,150.5,,,2021
Japan,Solid Biomass,,,,2021
Japan,"Tide, Wave and Ocean Energy",,,,2021
Japan,Wind Energy,2,,,2021
Jordan,All technologies,38.5,,,2021
Jordan,Biogas,,,,2021
Jordan,CSP,,,,2021
Jordan,Geothermal Energy,,,,2021
Jordan,Hydropower,,,,2021
Jordan,Liquid Biofuels,,,,2021
Jordan,Municipal and industrial waste,,,,2021
Jordan,Others,,,,2021
Jordan,Solar Heating / Cooling,11,,,2021
Jordan,Solar Photovoltaic,25.64,,,2021
Jordan,Solid Biomass,,,,2021
Jordan,"Tide, Wave and Ocean Energy",,,,2021
Jordan,Wind Energy,1.86,,,2021
Kazakhstan,All technologies,20.24530053,,,2021
Kazakhstan,Biogas,,,,2021
Kazakhstan,CSP,,,,2021
Kazakhstan,Geothermal Energy,,,,2021
Kazakhstan,Hydropower,4.705300525,,,2021
Kazakhstan,Liquid Biofuels,,,,2021
Kazakhstan,Municipal and industrial waste,,,,2021
Kazakhstan,Others,,,,2021
Kazakhstan,Solar Heating / Cooling,,,,2021
Kazakhstan,Solar Photovoltaic,8.34,,,2021
Kazakhstan,Solid Biomass,,,,2021
Kazakhstan,"Tide, Wave and Ocean Energy",,,,2021
Kazakhstan,Wind Energy,7.2,,,2021
Kenya,All technologies,19.7936,,,2021
Kenya,Biogas,,,,2021
Kenya,CSP,,,,2021
Kenya,Geothermal Energy,0.53,,,2021
Kenya,Hydropower,,,,2021
Kenya,Liquid Biofuels,,,,2021
Kenya,Municipal and industrial waste,,,,2021
Kenya,Others,,,,2021
Kenya,Solar Heating / Cooling,,,,2021
Kenya,Solar Photovoltaic,17.8636,,,2021
Kenya,Solid Biomass,,,,2021
Kenya,"Tide, Wave and Ocean Energy",,,,2021
Kenya,Wind Energy,1.4,,,2021
Kyrgyzstan,All technologies,0.41,,,2021
Kyrgyzstan,Biogas,0.06,,,2021
Kyrgyzstan,CSP,,,,2021
Kyrgyzstan,Geothermal Energy,,,,2021
Kyrgyzstan,Hydropower,0.15,,,2021
Kyrgyzstan,Liquid Biofuels,,,,2021
Kyrgyzstan,Municipal and industrial waste,,,,2021
Kyrgyzstan,Others,0.15,,,2021
Kyrgyzstan,Solar Heating / Cooling,0.02,,,2021
Kyrgyzstan,Solar Photovoltaic,0.03,,,2021
Kyrgyzstan,Solid Biomass,,,,2021
Kyrgyzstan,"Tide, Wave and Ocean Energy",,,,2021
Kyrgyzstan,Wind Energy,,,,2021
Latvia,All technologies,16.94,,,2021
Latvia,Biogas,0.5,,,2021
Latvia,CSP,,,,2021
Latvia,Geothermal Energy,0.107,,,2021
Latvia,Hydropower,0.5,,,2021
Latvia,Liquid Biofuels,2.6,,,2021
Latvia,Municipal and industrial waste,0.1,,,2021
Latvia,Others,,,,2021
Latvia,Solar Heating / Cooling,0.1,,,2021
Latvia,Solar Photovoltaic,2.078,,,2021
Latvia,Solid Biomass,10.8,,,2021
Latvia,"Tide, Wave and Ocean Energy",,,,2021
Latvia,Wind Energy,0.155,,,2021
Lebanon,All technologies,1.071,,,2021
Lebanon,Biogas,,,,2021
Lebanon,CSP,,,,2021
Lebanon,Geothermal Energy,,,,2021
Lebanon,Hydropower,,,,2021
Lebanon,Liquid Biofuels,,,,2021
Lebanon,Municipal and industrial waste,,,,2021
Lebanon,Others,,,,2021
Lebanon,Solar Heating / Cooling,0.51,,,2021
Lebanon,Solar Photovoltaic,0.531,,,2021
Lebanon,Solid Biomass,0.02,,,2021
Lebanon,"Tide, Wave and Ocean Energy",,,,2021
Lebanon,Wind Energy,0.01,,,2021
Lesotho,All technologies,0.09,,,2021
Lesotho,Biogas,,,,2021
Lesotho,CSP,,,,2021
Lesotho,Geothermal Energy,,,,2021
Lesotho,Hydropower,,,,2021
Lesotho,Liquid Biofuels,,,,2021
Lesotho,Municipal and industrial waste,,,,2021
Lesotho,Others,,,,2021
Lesotho,Solar Heating / Cooling,,,,2021
Lesotho,Solar Photovoltaic,0.09,,,2021
Lesotho,Solid Biomass,,,,2021
Lesotho,"Tide, Wave and Ocean Energy",,,,2021
Lesotho,Wind Energy,,,,2021
Libya,All technologies,0.5,,,2021
Libya,Biogas,,,,2021
Libya,CSP,,,,2021
Libya,Geothermal Energy,,,,2021
Libya,Hydropower,,,,2021
Libya,Liquid Biofuels,,,,2021
Libya,Municipal and industrial waste,,,,2021
Libya,Others,0.5,,,2021
Libya,Solar Heating / Cooling,,,,2021
Libya,Solar Photovoltaic,,,,2021
Libya,Solid Biomass,,,,2021
Libya,"Tide, Wave and Ocean Energy",,,,2021
Libya,Wind Energy,,,,2021
Lithuania,All technologies,17.603,,,2021
Lithuania,Biogas,0.2,,,2021
Lithuania,CSP,,,,2021
Lithuania,Geothermal Energy,0.541,,,2021
Lithuania,Hydropower,0.3,,,2021
Lithuania,Liquid Biofuels,4.8,,,2021
Lithuania,Municipal and industrial waste,0.1,,,2021
Lithuania,Others,,,,2021
Lithuania,Solar Heating / Cooling,0.1,,,2021
Lithuania,Solar Photovoltaic,0.2,,,2021
Lithuania,Solid Biomass,9.5,,,2021
Lithuania,"Tide, Wave and Ocean Energy",,,,2021
Lithuania,Wind Energy,1.862,,,2021
Luxembourg,All technologies,1.685,,,2021
Luxembourg,Biogas,0.1,,,2021
Luxembourg,CSP,,,,2021
Luxembourg,Geothermal Energy,0.155,,,2021
Luxembourg,Hydropower,0.2,,,2021
Luxembourg,Liquid Biofuels,0.1,,,2021
Luxembourg,Municipal and industrial waste,0.1,,,2021
Luxembourg,Others,,,,2021
Luxembourg,Solar Heating / Cooling,0.1,,,2021
Luxembourg,Solar Photovoltaic,0.23,,,2021
Luxembourg,Solid Biomass,0.6,,,2021
Luxembourg,"Tide, Wave and Ocean Energy",,,,2021
Luxembourg,Wind Energy,0.1,,,2021
Malaysia,All technologies,94.23398524,,,2021
Malaysia,Biogas,3.712,,,2021
Malaysia,CSP,,,,2021
Malaysia,Geothermal Energy,,,,2021
Malaysia,Hydropower,7.229985244,,,2021
Malaysia,Liquid Biofuels,61.4,,,2021
Malaysia,Municipal and industrial waste,,,,2021
Malaysia,Others,,,,2021
Malaysia,Solar Heating / Cooling,,,,2021
Malaysia,Solar Photovoltaic,16.15,,,2021
Malaysia,Solid Biomass,5.742,,,2021
Malaysia,"Tide, Wave and Ocean Energy",,,,2021
Malaysia,Wind Energy,,,,2021
Mali,All technologies,1.9,,,2021
Mali,Biogas,,,,2021
Mali,CSP,,,,2021
Mali,Geothermal Energy,,,,2021
Mali,Hydropower,,,,2021
Mali,Liquid Biofuels,,,,2021
Mali,Municipal and industrial waste,,,,2021
Mali,Others,,,,2021
Mali,Solar Heating / Cooling,,,,2021
Mali,Solar Photovoltaic,1.9,,,2021
Mali,Solid Biomass,,,,2021
Mali,"Tide, Wave and Ocean Energy",,,,2021
Mali,Wind Energy,,,,2021
Malta,All technologies,1.08,,,2021
Malta,Biogas,0.1,,,2021
Malta,CSP,,,,2021
Malta,Geothermal Energy,0.273,,,2021
Malta,Hydropower,0.1,,,2021
Malta,Liquid Biofuels,0.1,,,2021
Malta,Municipal and industrial waste,0.1,,,2021
Malta,Others,,,,2021
Malta,Solar Heating / Cooling,0.1,,,2021
Malta,Solar Photovoltaic,0.113,,,2021
Malta,Solid Biomass,0.1,,,2021
Malta,"Tide, Wave and Ocean Energy",,,,2021
Malta,Wind Energy,0.094,,,2021
Mauritius,All technologies,1.369375,,,2021
Mauritius,Biogas,,,,2021
Mauritius,CSP,,,,2021
Mauritius,Geothermal Energy,,,,2021
Mauritius,Hydropower,,,,2021
Mauritius,Liquid Biofuels,1.3,,,2021
Mauritius,Municipal and industrial waste,,,,2021
Mauritius,Others,,,,2021
Mauritius,Solar Heating / Cooling,0.069375,,,2021
Mauritius,Solar Photovoltaic,,,,2021
Mauritius,Solid Biomass,,,,2021
Mauritius,"Tide, Wave and Ocean Energy",,,,2021
Mauritius,Wind Energy,,,,2021
Mexico,All technologies,81.98372746,,,2021
Mexico,Biogas,0,,,2021
Mexico,CSP,,,,2021
Mexico,Geothermal Energy,17.45,,,2021
Mexico,Hydropower,17.92072746,,,2021
Mexico,Liquid Biofuels,,,,2021
Mexico,Municipal and industrial waste,,,,2021
Mexico,Others,,,,2021
Mexico,Solar Heating / Cooling,4.34,,,2021
Mexico,Solar Photovoltaic,24,,,2021
Mexico,Solid Biomass,11.34,,,2021
Mexico,"Tide, Wave and Ocean Energy",,,,2021
Mexico,Wind Energy,6.933,,,2021
Moldova,All technologies,0.061,,,2021
Moldova,Biogas,,,,2021
Moldova,CSP,,,,2021
Moldova,Geothermal Energy,,,,2021
Moldova,Hydropower,,,,2021
Moldova,Liquid Biofuels,,,,2021
Moldova,Municipal and industrial waste,,,,2021
Moldova,Others,,,,2021
Moldova,Solar Heating / Cooling,,,,2021
Moldova,Solar Photovoltaic,,,,2021
Moldova,Solid Biomass,,,,2021
Moldova,Wind Energy,0.061,,,2021
Mongolia,All technologies,0.312,,,2021
Mongolia,Biogas,,,,2021
Mongolia,CSP,,,,2021
Mongolia,Geothermal Energy,,,,2021
Mongolia,Hydropower,0.173,,,2021
Mongolia,Liquid Biofuels,,,,2021
Mongolia,Municipal and industrial waste,,,,2021
Mongolia,Others,,,,2021
Mongolia,Solar Heating / Cooling,,,,2021
Mongolia,Solar Photovoltaic,0.039,,,2021
Mongolia,Solid Biomass,,,,2021
Mongolia,"Tide, Wave and Ocean Energy",,,,2021
Mongolia,Wind Energy,0.1,,,2021
Montenegro,All technologies,0.08,,,2021
Montenegro,Biogas,,,,2021
Montenegro,CSP,,,,2021
Montenegro,Geothermal Energy,,,,2021
Montenegro,Hydropower,,,,2021
Montenegro,Liquid Biofuels,,,,2021
Montenegro,Municipal and industrial waste,,,,2021
Montenegro,Others,,,,2021
Montenegro,Solar Heating / Cooling,,,,2021
Montenegro,Solar Photovoltaic,,,,2021
Montenegro,Solid Biomass,,,,2021
Montenegro,Wind Energy,0.08,,,2021
Morocco,All technologies,12.51853894,,,2021
Morocco,Biogas,,,,2021
Morocco,CSP,1.8,,,2021
Morocco,Geothermal Energy,,,,2021
Morocco,Hydropower,8.337288936,,,2021
Morocco,Liquid Biofuels,,,,2021
Morocco,Municipal and industrial waste,,,,2021
Morocco,Others,,,,2021
Morocco,Solar Heating / Cooling,0.28125,,,2021
Morocco,Solar Photovoltaic,1,,,2021
Morocco,Solid Biomass,,,,2021
Morocco,"Tide, Wave and Ocean Energy",,,,2021
Morocco,Wind Energy,1.1,,,2021
Mozambique,All technologies,1.282,,,2021
Mozambique,Biogas,,,,2021
Mozambique,CSP,,,,2021
Mozambique,Geothermal Energy,,,,2021
Mozambique,Hydropower,,,,2021
Mozambique,Liquid Biofuels,1.272,,,2021
Mozambique,Municipal and industrial waste,,,,2021
Mozambique,Others,,,,2021
Mozambique,Solar Heating / Cooling,0.01,,,2021
Mozambique,Solar Photovoltaic,,,,2021
Mozambique,Solid Biomass,,,,2021
Mozambique,"Tide, Wave and Ocean Energy",,,,2021
Mozambique,Wind Energy,,,,2021
Myanmar,All technologies,22.22472833,,,2021
Myanmar,Biogas,,,,2021
Myanmar,CSP,,,,2021
Myanmar,Geothermal Energy,,,,2021
Myanmar,Hydropower,22.22472833,,,2021
Myanmar,Liquid Biofuels,,,,2021
Myanmar,Municipal and industrial waste,,,,2021
Myanmar,Others,,,,2021
Myanmar,Solar Heating / Cooling,,,,2021
Myanmar,Solar Photovoltaic,,,,2021
Myanmar,Solid Biomass,,,,2021
Myanmar,"Tide, Wave and Ocean Energy",,,,2021
Myanmar,Wind Energy,,,,2021
Namibia,All technologies,0.51,,,2021
Namibia,Biogas,,,,2021
Namibia,CSP,,,,2021
Namibia,Geothermal Energy,,,,2021
Namibia,Hydropower,,,,2021
Namibia,Liquid Biofuels,,,,2021
Namibia,Municipal and industrial waste,,,,2021
Namibia,Others,,,,2021
Namibia,Solar Heating / Cooling,0.05,,,2021
Namibia,Solar Photovoltaic,0.46,,,2021
Namibia,Solid Biomass,,,,2021
Namibia,"Tide, Wave and Ocean Energy",,,,2021
Namibia,Wind Energy,,,,2021
Nepal,All technologies,1,,,2021
Nepal,Biogas,1,,,2021
Nepal,CSP,,,,2021
Nepal,Geothermal Energy,,,,2021
Nepal,Hydropower,,,,2021
Nepal,Liquid Biofuels,,,,2021
Nepal,Municipal and industrial waste,,,,2021
Nepal,Others,,,,2021
Nepal,Solar Heating / Cooling,,,,2021
Nepal,Solar Photovoltaic,,,,2021
Nepal,Solid Biomass,,,,2021
Nepal,"Tide, Wave and Ocean Energy",,,,2021
Nepal,Wind Energy,,,,2021
Netherlands,All technologies,52.972,,,2021
Netherlands,Biogas,0.5,,,2021
Netherlands,CSP,,,,2021
Netherlands,Geothermal Energy,3.858,,,2021
Netherlands,Hydropower,0.1,,,2021
Netherlands,Liquid Biofuels,1.2,,,2021
Netherlands,Municipal and industrial waste,0.8,,,2021
Netherlands,Others,,,,2021
Netherlands,Solar Heating / Cooling,0.1,,,2021
Netherlands,Solar Photovoltaic,20.1,,,2021
Netherlands,Solid Biomass,7.6,,,2021
Netherlands,"Tide, Wave and Ocean Energy",,,,2021
Netherlands,Wind Energy,18.714,,,2021
New Zealand,All technologies,3.475896162,,,2021
New Zealand,Biogas,,,,2021
New Zealand,CSP,,,,2021
New Zealand,Geothermal Energy,0.627,,,2021
New Zealand,Hydropower,2.048896162,,,2021
New Zealand,Liquid Biofuels,,,,2021
New Zealand,Municipal and industrial waste,,,,2021
New Zealand,Others,,,,2021
New Zealand,Solar Heating / Cooling,,,,2021
New Zealand,Solar Photovoltaic,,,,2021
New Zealand,Solid Biomass,,,,2021
New Zealand,"Tide, Wave and Ocean Energy",,,,2021
New Zealand,Wind Energy,0.8,,,2021
Nicaragua,All technologies,6.2,,,2021
Nicaragua,Biogas,,,,2021
Nicaragua,CSP,,,,2021
Nicaragua,Geothermal Energy,1.2,,,2021
Nicaragua,Hydropower,1.2,,,2021
Nicaragua,Liquid Biofuels,,,,2021
Nicaragua,Municipal and industrial waste,,,,2021
Nicaragua,Others,,,,2021
Nicaragua,Solar Heating / Cooling,,,,2021
Nicaragua,Solar Photovoltaic,0.2,,,2021
Nicaragua,Solid Biomass,2.7,,,2021
Nicaragua,"Tide, Wave and Ocean Energy",,,,2021
Nicaragua,Wind Energy,0.9,,,2021
Nigeria,All technologies,43.06137498,,,2021
Nigeria,Biogas,,,,2021
Nigeria,CSP,,,,2021
Nigeria,Geothermal Energy,,,,2021
Nigeria,Hydropower,8.808074977,,,2021
Nigeria,Liquid Biofuels,,,,2021
Nigeria,Municipal and industrial waste,,,,2021
Nigeria,Others,,,,2021
Nigeria,Solar Heating / Cooling,0.05,,,2021
Nigeria,Solar Photovoltaic,34.2033,,,2021
Nigeria,Solid Biomass,,,,2021
Nigeria,"Tide, Wave and Ocean Energy",,,,2021
Nigeria,Wind Energy,,,,2021
North Macedonia,All technologies,1.321,,,2021
North Macedonia,Biogas,,,,2021
North Macedonia,CSP,,,,2021
North Macedonia,Geothermal Energy,,,,2021
North Macedonia,Hydropower,,,,2021
North Macedonia,Liquid Biofuels,,,,2021
North Macedonia,Municipal and industrial waste,,,,2021
North Macedonia,Others,,,,2021
North Macedonia,Solar Heating / Cooling,0.19,,,2021
North Macedonia,Solar Photovoltaic,1.1,,,2021
North Macedonia,Solid Biomass,,,,2021
North Macedonia,"Tide, Wave and Ocean Energy",,,,2021
North Macedonia,Wind Energy,0.031,,,2021
Norway,All technologies,17.41014745,,,2021
Norway,Biogas,,,,2021
Norway,CSP,,,,2021
Norway,Geothermal Energy,,,,2021
Norway,Hydropower,11.32635057,,,2021
Norway,Liquid Biofuels,,,,2021
Norway,Municipal and industrial waste,,,,2021
Norway,Others,,,,2021
Norway,Solar Heating / Cooling,0.043796875,,,2021
Norway,Solar Photovoltaic,0.22,,,2021
Norway,Solid Biomass,2.35,,,2021
Norway,"Tide, Wave and Ocean Energy",,,,2021
Norway,Wind Energy,3.47,,,2021
Other,All technologies,74.78955,,,2021
Other,Biogas,,,,2021
Other,CSP,,,,2021
Other,Geothermal Energy,,,,2021
Other,Hydropower,,,,2021
Other,Liquid Biofuels,,,,2021
Other,Municipal and industrial waste,,,,2021
Other,Others,,,,2021
Other,Solar Heating / Cooling,0.53,,,2021
Other,Solar Photovoltaic,74.25955,,,2021
Other,Solid Biomass,,,,2021
Other,"Tide, Wave and Ocean Energy",,,,2021
Other,Wind Energy,,,,2021
Pakistan,All technologies,92.27231827,,,2021
Pakistan,Biogas,1,,,2021
Pakistan,CSP,,,,2021
Pakistan,Geothermal Energy,,,,2021
Pakistan,Hydropower,81.77231827,,,2021
Pakistan,Liquid Biofuels,,,,2021
Pakistan,Municipal and industrial waste,,,,2021
Pakistan,Others,,,,2021
Pakistan,Solar Heating / Cooling,1,,,2021
Pakistan,Solar Photovoltaic,6.9,,,2021
Pakistan,Solid Biomass,,,,2021
Pakistan,"Tide, Wave and Ocean Energy",,,,2021
Pakistan,Wind Energy,1.6,,,2021
Panama,All technologies,0.83,,,2021
Panama,Biogas,,,,2021
Panama,CSP,,,,2021
Panama,Geothermal Energy,,,,2021
Panama,Hydropower,0.776,,,2021
Panama,Liquid Biofuels,,,,2021
Panama,Municipal and industrial waste,,,,2021
Panama,Others,,,,2021
Panama,Solar Heating / Cooling,,,,2021
Panama,Solar Photovoltaic,0.047,,,2021
Panama,Solid Biomass,,,,2021
Panama,"Tide, Wave and Ocean Energy",,,,2021
Panama,Wind Energy,0.007,,,2021
Paraguay,All technologies,15.40028133,,,2021
Paraguay,Biogas,,,,2021
Paraguay,CSP,,,,2021
Paraguay,Geothermal Energy,,,,2021
Paraguay,Hydropower,14.70028133,,,2021
Paraguay,Liquid Biofuels,,,,2021
Paraguay,Municipal and industrial waste,,,,2021
Paraguay,Others,0.7,,,2021
Paraguay,Solar Heating / Cooling,,,,2021
Paraguay,Solar Photovoltaic,,,,2021
Paraguay,Solid Biomass,,,,2021
Paraguay,"Tide, Wave and Ocean Energy",,,,2021
Paraguay,Wind Energy,,,,2021
Peru,All technologies,12.81028478,,,2021
Peru,Biogas,0.007,,,2021
Peru,CSP,,,,2021
Peru,Geothermal Energy,,,,2021
Peru,Hydropower,12.08528478,,,2021
Peru,Liquid Biofuels,,,,2021
Peru,Municipal and industrial waste,,,,2021
Peru,Others,,,,2021
Peru,Solar Heating / Cooling,,,,2021
Peru,Solar Photovoltaic,0.38,,,2021
Peru,Solid Biomass,0.038,,,2021
Peru,"Tide, Wave and Ocean Energy",,,,2021
Peru,Wind Energy,0.3,,,2021
Philippines,All technologies,70.588312,,,2021
Philippines,Biogas,1.767,,,2021
Philippines,CSP,,,,2021
Philippines,Geothermal Energy,11.628,,,2021
Philippines,Hydropower,8.056311998,,,2021
Philippines,Liquid Biofuels,14.9,,,2021
Philippines,Municipal and industrial waste,0.19,,,2021
Philippines,Others,,,,2021
Philippines,Solar Heating / Cooling,,,,2021
Philippines,Solar Photovoltaic,15,,,2021
Philippines,Solid Biomass,14.047,,,2021
Philippines,"Tide, Wave and Ocean Energy",,,,2021
Philippines,Wind Energy,5,,,2021
Poland,All technologies,125.531,,,2021
Poland,Biogas,2.6,,,2021
Poland,CSP,,,,2021
Poland,Geothermal Energy,1.502,,,2021
Poland,Hydropower,0.5,,,2021
Poland,Liquid Biofuels,17.9,,,2021
Poland,Municipal and industrial waste,0.3,,,2021
Poland,Others,,,,2021
Poland,Solar Heating / Cooling,1.5,,,2021
Poland,Solar Photovoltaic,56.636,,,2021
Poland,Solid Biomass,32.7,,,2021
Poland,"Tide, Wave and Ocean Energy",,,,2021
Poland,Wind Energy,11.893,,,2021
Portugal,All technologies,35.77082835,,,2021
Portugal,Biogas,0.4,,,2021
Portugal,CSP,,,,2021
Portugal,Geothermal Energy,0.127,,,2021
Portugal,Hydropower,8.071828353,,,2021
Portugal,Liquid Biofuels,0.4,,,2021
Portugal,Municipal and industrial waste,0.5,,,2021
Portugal,Others,,,,2021
Portugal,Solar Heating / Cooling,0.6,,,2021
Portugal,Solar Photovoltaic,7.6,,,2021
Portugal,Solid Biomass,12.4,,,2021
Portugal,"Tide, Wave and Ocean Energy",,,,2021
Portugal,Wind Energy,5.672,,,2021
Republic of Korea,All technologies,29.26,,,2021
Republic of Korea,Biogas,0.08,,,2021
Republic of Korea,CSP,,,,2021
Republic of Korea,Geothermal Energy,0.26,,,2021
Republic of Korea,Hydropower,0.7,,,2021
Republic of Korea,Liquid Biofuels,0.64,,,2021
Republic of Korea,Municipal and industrial waste,0.1,,,2021
Republic of Korea,Others,17.05,,,2021
Republic of Korea,Solar Heating / Cooling,0.1,,,2021
Republic of Korea,Solar Photovoltaic,7.76,,,2021
Republic of Korea,Solid Biomass,1.01,,,2021
Republic of Korea,"Tide, Wave and Ocean Energy",,,,2021
Republic of Korea,Wind Energy,1.56,,,2021
Romania,All technologies,39.04217323,,,2021
Romania,Biogas,0.1,,,2021
Romania,CSP,,,,2021
Romania,Geothermal Energy,0.16,,,2021
Romania,Hydropower,9.006173229,,,2021
Romania,Liquid Biofuels,20.1,,,2021
Romania,Municipal and industrial waste,0.1,,,2021
Romania,Others,,,,2021
Romania,Solar Heating / Cooling,0.1,,,2021
Romania,Solar Photovoltaic,1.26,,,2021
Romania,Solid Biomass,6.1,,,2021
Romania,"Tide, Wave and Ocean Energy",,,,2021
Romania,Wind Energy,2.116,,,2021
Russian Federation,All technologies,59.53389983,,,2021
Russian Federation,Biogas,,,,2021
Russian Federation,CSP,,,,2021
Russian Federation,Geothermal Energy,,,,2021
Russian Federation,Hydropower,48.14589983,,,2021
Russian Federation,Liquid Biofuels,,,,2021
Russian Federation,Municipal and industrial waste,,,,2021
Russian Federation,Others,,,,2021
Russian Federation,Solar Heating / Cooling,0.01,,,2021
Russian Federation,Solar Photovoltaic,3,,,2021
Russian Federation,Solid Biomass,,,,2021
Russian Federation,"Tide, Wave and Ocean Energy",,,,2021
Russian Federation,Wind Energy,8.378,,,2021
Rwanda,All technologies,1.075,,,2021
Rwanda,Biogas,,,,2021
Rwanda,CSP,,,,2021
Rwanda,Geothermal Energy,,,,2021
Rwanda,Hydropower,,,,2021
Rwanda,Liquid Biofuels,,,,2021
Rwanda,Municipal and industrial waste,,,,2021
Rwanda,Others,,,,2021
Rwanda,Solar Heating / Cooling,,,,2021
Rwanda,Solar Photovoltaic,1.075,,,2021
Rwanda,Solid Biomass,,,,2021
Rwanda,"Tide, Wave and Ocean Energy",,,,2021
Rwanda,Wind Energy,,,,2021
Senegal,All technologies,0.07,,,2021
Senegal,Biogas,,,,2021
Senegal,CSP,,,,2021
Senegal,Geothermal Energy,,,,2021
Senegal,Hydropower,,,,2021
Senegal,Liquid Biofuels,,,,2021
Senegal,Municipal and industrial waste,,,,2021
Senegal,Others,,,,2021
Senegal,Solar Heating / Cooling,0.03,,,2021
Senegal,Solar Photovoltaic,,,,2021
Senegal,Solid Biomass,,,,2021
Senegal,"Tide, Wave and Ocean Energy",,,,2021
Senegal,Wind Energy,0.04,,,2021
Serbia,All technologies,0.582,,,2021
Serbia,Biogas,,,,2021
Serbia,CSP,,,,2021
Serbia,Geothermal Energy,,,,2021
Serbia,Hydropower,,,,2021
Serbia,Liquid Biofuels,,,,2021
Serbia,Municipal and industrial waste,,,,2021
Serbia,Others,,,,2021
Serbia,Solar Heating / Cooling,,,,2021
Serbia,Solar Photovoltaic,0.223,,,2021
Serbia,Solid Biomass,,,,2021
Serbia,"Tide, Wave and Ocean Energy",,,,2021
Serbia,Wind Energy,0.359,,,2021
Singapore,All technologies,6,,,2021
Singapore,Biogas,,,,2021
Singapore,CSP,,,,2021
Singapore,Geothermal Energy,,,,2021
Singapore,Hydropower,,,,2021
Singapore,Liquid Biofuels,,,,2021
Singapore,Municipal and industrial waste,,,,2021
Singapore,Others,,,,2021
Singapore,Solar Heating / Cooling,,,,2021
Singapore,Solar Photovoltaic,6,,,2021
Singapore,Solid Biomass,,,,2021
Singapore,"Tide, Wave and Ocean Energy",,,,2021
Singapore,Wind Energy,,,,2021
Slovakia,All technologies,10.291,,,2021
Slovakia,Biogas,0.5,,,2021
Slovakia,CSP,,,,2021
Slovakia,Geothermal Energy,0.153,,,2021
Slovakia,Hydropower,0.5,,,2021
Slovakia,Liquid Biofuels,4.1,,,2021
Slovakia,Municipal and industrial waste,0.1,,,2021
Slovakia,Others,,,,2021
Slovakia,Solar Heating / Cooling,0.1,,,2021
Slovakia,Solar Photovoltaic,0.11,,,2021
Slovakia,Solid Biomass,4.7,,,2021
Slovakia,"Tide, Wave and Ocean Energy",,,,2021
Slovakia,Wind Energy,0.028,,,2021
Slovenia,All technologies,5.103704859,,,2021
Slovenia,Biogas,0.2,,,2021
Slovenia,CSP,,,,2021
Slovenia,Geothermal Energy,1.623,,,2021
Slovenia,Hydropower,1.681704859,,,2021
Slovenia,Liquid Biofuels,0.1,,,2021
Slovenia,Municipal and industrial waste,0.1,,,2021
Slovenia,Others,,,,2021
Slovenia,Solar Heating / Cooling,0.1,,,2021
Slovenia,Solar Photovoltaic,0.11,,,2021
Slovenia,Solid Biomass,0.8,,,2021
Slovenia,"Tide, Wave and Ocean Energy",,,,2021
Slovenia,Wind Energy,0.389,,,2021
South Africa,All technologies,31.389,,,2021
South Africa,Biogas,,,,2021
South Africa,CSP,10.442,,,2021
South Africa,Geothermal Energy,,,,2021
South Africa,Hydropower,0.812,,,2021
South Africa,Liquid Biofuels,0.595,,,2021
South Africa,Municipal and industrial waste,,,,2021
South Africa,Others,,,,2021
South Africa,Solar Heating / Cooling,1.84,,,2021
South Africa,Solar Photovoltaic,11,,,2021
South Africa,Solid Biomass,,,,2021
South Africa,"Tide, Wave and Ocean Energy",,,,2021
South Africa,Wind Energy,6.7,,,2021
Spain,All technologies,108.9602825,,,2021
Spain,Biogas,1.2,,,2021
Spain,CSP,5.1,,,2021
Spain,Geothermal Energy,0.9,,,2021
Spain,Hydropower,9.894282505,,,2021
Spain,Liquid Biofuels,4.067,,,2021
Spain,Municipal and industrial waste,0.5,,,2021
Spain,Others,,,,2021
Spain,Solar Heating / Cooling,0.92,,,2021
Spain,Solar Photovoltaic,31.5,,,2021
Spain,Solid Biomass,30.6,,,2021
Spain,"Tide, Wave and Ocean Energy",0.35,,,2021
Spain,Wind Energy,23.929,,,2021
Sri Lanka,All technologies,1.45,,,2021
Sri Lanka,Biogas,,,,2021
Sri Lanka,CSP,,,,2021
Sri Lanka,Geothermal Energy,,,,2021
Sri Lanka,Hydropower,,,,2021
Sri Lanka,Liquid Biofuels,,,,2021
Sri Lanka,Municipal and industrial waste,,,,2021
Sri Lanka,Others,,,,2021
Sri Lanka,Solar Heating / Cooling,,,,2021
Sri Lanka,Solar Photovoltaic,,,,2021
Sri Lanka,Solid Biomass,,,,2021
Sri Lanka,Wind Energy,1.45,,,2021
Sweden,All technologies,55.20229517,,,2021
Sweden,Biogas,0.1,,,2021
Sweden,CSP,,,,2021
Sweden,Geothermal Energy,5.111,,,2021
Sweden,Hydropower,4.513295168,,,2021
Sweden,Liquid Biofuels,6.5,,,2021
Sweden,Municipal and industrial waste,1.4,,,2021
Sweden,Others,,,,2021
Sweden,Solar Heating / Cooling,0.1,,,2021
Sweden,Solar Photovoltaic,3.1,,,2021
Sweden,Solid Biomass,21.5,,,2021
Sweden,"Tide, Wave and Ocean Energy",,,,2021
Sweden,Wind Energy,12.878,,,2021
Switzerland,All technologies,14.61322155,,,2021
Switzerland,Biogas,0.1,,,2021
Switzerland,CSP,,,,2021
Switzerland,Geothermal Energy,1.2,,,2021
Switzerland,Hydropower,2.308221546,,,2021
Switzerland,Liquid Biofuels,,,,2021
Switzerland,Municipal and industrial waste,0.2,,,2021
Switzerland,Others,,,,2021
Switzerland,Solar Heating / Cooling,0.34,,,2021
Switzerland,Solar Photovoltaic,2.44,,,2021
Switzerland,Solid Biomass,8,,,2021
Switzerland,"Tide, Wave and Ocean Energy",,,,2021
Switzerland,Wind Energy,0.025,,,2021
Tajikistan,All technologies,7.187965883,,,2021
Tajikistan,Biogas,,,,2021
Tajikistan,CSP,,,,2021
Tajikistan,Geothermal Energy,,,,2021
Tajikistan,Hydropower,7.187965883,,,2021
Tajikistan,Liquid Biofuels,,,,2021
Tajikistan,Municipal and industrial waste,,,,2021
Tajikistan,Others,,,,2021
Tajikistan,Solar Heating / Cooling,,,,2021
Tajikistan,Solar Photovoltaic,,,,2021
Tajikistan,Solid Biomass,,,,2021
Tajikistan,"Tide, Wave and Ocean Energy",,,,2021
Tajikistan,Wind Energy,,,,2021
Thailand,All technologies,153.5369609,,,2021
Thailand,Biogas,,,,2021
Thailand,CSP,,,,2021
Thailand,Geothermal Energy,,,,2021
Thailand,Hydropower,,,,2021
Thailand,Liquid Biofuels,133.9,,,2021
Thailand,Municipal and industrial waste,,,,2021
Thailand,Others,,,,2021
Thailand,Solar Heating / Cooling,0.126960938,,,2021
Thailand,Solar Photovoltaic,18.71,,,2021
Thailand,Solid Biomass,,,,2021
Thailand,"Tide, Wave and Ocean Energy",,,,2021
Thailand,Wind Energy,0.8,,,2021
Tunisia,All technologies,1.429,,,2021
Tunisia,Biogas,,,,2021
Tunisia,CSP,,,,2021
Tunisia,Geothermal Energy,,,,2021
Tunisia,Hydropower,,,,2021
Tunisia,Liquid Biofuels,0.25,,,2021
Tunisia,Municipal and industrial waste,,,,2021
Tunisia,Others,,,,2021
Tunisia,Solar Heating / Cooling,0.779,,,2021
Tunisia,Solar Photovoltaic,0.2,,,2021
Tunisia,Solid Biomass,,,,2021
Tunisia,"Tide, Wave and Ocean Energy",,,,2021
Tunisia,Wind Energy,0.2,,,2021
Türkiye,All technologies,112.4199151,,,2021
Türkiye,Biogas,0.7,,,2021
Türkiye,CSP,0,,,2021
Türkiye,Geothermal Energy,5.96,,,2021
Türkiye,Hydropower,34.99491511,,,2021
Türkiye,Liquid Biofuels,0.5,,,2021
Türkiye,Municipal and industrial waste,2.2,,,2021
Türkiye,Others,,,,2021
Türkiye,Solar Heating / Cooling,22.18,,,2021
Türkiye,Solar Photovoltaic,21,,,2021
Türkiye,Solid Biomass,0,,,2021
Türkiye,"Tide, Wave and Ocean Energy",,,,2021
Türkiye,Wind Energy,24.885,,,2021
Uganda,All technologies,25.4388,,,2021
Uganda,Biogas,,,,2021
Uganda,CSP,,,,2021
Uganda,Geothermal Energy,,,,2021
Uganda,Hydropower,,,,2021
Uganda,Liquid Biofuels,,,,2021
Uganda,Municipal and industrial waste,,,,2021
Uganda,Others,1.65,,,2021
Uganda,Solar Heating / Cooling,,,,2021
Uganda,Solar Photovoltaic,23.7888,,,2021
Uganda,Solid Biomass,,,,2021
Uganda,"Tide, Wave and Ocean Energy",,,,2021
Uganda,Wind Energy,,,,2021
Ukraine,All technologies,39.84638708,,,2021
Ukraine,Biogas,,,,2021
Ukraine,CSP,,,,2021
Ukraine,Geothermal Energy,,,,2021
Ukraine,Hydropower,8.221387078,,,2021
Ukraine,Liquid Biofuels,,,,2021
Ukraine,Municipal and industrial waste,,,,2021
Ukraine,Others,,,,2021
Ukraine,Solar Heating / Cooling,,,,2021
Ukraine,Solar Photovoltaic,17.77,,,2021
Ukraine,Solid Biomass,6.5,,,2021
Ukraine,"Tide, Wave and Ocean Energy",,,,2021
Ukraine,Wind Energy,7.355,,,2021
United Arab Emirates,All technologies,6.35,,,2021
United Arab Emirates,Biogas,,,,2021
United Arab Emirates,CSP,1,,,2021
United Arab Emirates,Geothermal Energy,,,,2021
United Arab Emirates,Hydropower,,,,2021
United Arab Emirates,Liquid Biofuels,,,,2021
United Arab Emirates,Municipal and industrial waste,,,,2021
United Arab Emirates,Others,0.25,,,2021
United Arab Emirates,Solar Heating / Cooling,,,,2021
United Arab Emirates,Solar Photovoltaic,5.1,,,2021
United Arab Emirates,Solid Biomass,,,,2021
United Arab Emirates,"Tide, Wave and Ocean Energy",,,,2021
United Arab Emirates,Wind Energy,,,,2021
United Kingdom,All technologies,98.01921671,,,2021
United Kingdom,Biogas,3.24,,,2021
United Kingdom,CSP,,,,2021
United Kingdom,Geothermal Energy,0.961,,,2021
United Kingdom,Hydropower,1.042216706,,,2021
United Kingdom,Liquid Biofuels,13.196,,,2021
United Kingdom,Municipal and industrial waste,8.912,,,2021
United Kingdom,Others,,,,2021
United Kingdom,Solar Heating / Cooling,0.17,,,2021
United Kingdom,Solar Photovoltaic,6.4,,,2021
United Kingdom,Solid Biomass,29.17,,,2021
United Kingdom,"Tide, Wave and Ocean Energy",0.928,,,2021
United Kingdom,Wind Energy,34,,,2021
United Republic of Tanzania,All technologies,3.035,,,2021
United Republic of Tanzania,Biogas,,,,2021
United Republic of Tanzania,CSP,,,,2021
United Republic of Tanzania,Geothermal Energy,,,,2021
United Republic of Tanzania,Hydropower,,,,2021
United Republic of Tanzania,Liquid Biofuels,1.31,,,2021
United Republic of Tanzania,Municipal and industrial waste,,,,2021
United Republic of Tanzania,Others,,,,2021
United Republic of Tanzania,Solar Heating / Cooling,,,,2021
United Republic of Tanzania,Solar Photovoltaic,1.725,,,2021
United Republic of Tanzania,Solid Biomass,,,,2021
United Republic of Tanzania,"Tide, Wave and Ocean Energy",,,,2021
United Republic of Tanzania,Wind Energy,,,,2021
United States of America,All technologies,915.718,,,2021
United States of America,Biogas,,,,2021
United States of America,CSP,0,,,2021
United States of America,Geothermal Energy,8.222,,,2021
United States of America,Hydropower,64.514,,,2021
United States of America,Liquid Biofuels,322.6,,,2021
United States of America,Municipal and industrial waste,,,,2021
United States of America,Others,98.932,,,2021
United States of America,Solar Heating / Cooling,0,,,2021
United States of America,Solar Photovoltaic,255,,,2021
United States of America,Solid Biomass,46.286,,,2021
United States of America,"Tide, Wave and Ocean Energy",,,,2021
United States of America,Wind Energy,120.164,,,2021
Uruguay,All technologies,10.189,,,2021
Uruguay,Biogas,0.016,,,2021
Uruguay,CSP,,,,2021
Uruguay,Geothermal Energy,,,,2021
Uruguay,Hydropower,0.497,,,2021
Uruguay,Liquid Biofuels,5.45,,,2021
Uruguay,Municipal and industrial waste,0.006,,,2021
Uruguay,Others,,,,2021
Uruguay,Solar Heating / Cooling,0.2,,,2021
Uruguay,Solar Photovoltaic,0.67,,,2021
Uruguay,Solid Biomass,2.55,,,2021
Uruguay,"Tide, Wave and Ocean Energy",,,,2021
Uruguay,Wind Energy,0.8,,,2021
Uzbekistan,All technologies,2.976310273,,,2021
Uzbekistan,Biogas,,,,2021
Uzbekistan,CSP,,,,2021
Uzbekistan,Geothermal Energy,,,,2021
Uzbekistan,Hydropower,2.976310273,,,2021
Uzbekistan,Liquid Biofuels,,,,2021
Uzbekistan,Municipal and industrial waste,,,,2021
Uzbekistan,Others,,,,2021
Uzbekistan,Solar Heating / Cooling,,,,2021
Uzbekistan,Solar Photovoltaic,,,,2021
Uzbekistan,Solid Biomass,,,,2021
Uzbekistan,"Tide, Wave and Ocean Energy",,,,2021
Uzbekistan,Wind Energy,,,,2021
Venezuela (Bolivarian Republic of),All technologies,15.01374083,,,2021
Venezuela (Bolivarian Republic of),Biogas,,,,2021
Venezuela (Bolivarian Republic of),CSP,,,,2021
Venezuela (Bolivarian Republic of),Geothermal Energy,,,,2021
Venezuela (Bolivarian Republic of),Hydropower,15.01374083,,,2021
Venezuela (Bolivarian Republic of),Liquid Biofuels,,,,2021
Venezuela (Bolivarian Republic of),Municipal and industrial waste,,,,2021
Venezuela (Bolivarian Republic of),Others,,,,2021
Venezuela (Bolivarian Republic of),Solar Heating / Cooling,,,,2021
Venezuela (Bolivarian Republic of),Solar Photovoltaic,,,,2021
Venezuela (Bolivarian Republic of),Solid Biomass,,,,2021
Venezuela (Bolivarian Republic of),"Tide, Wave and Ocean Energy",,,,2021
Venezuela (Bolivarian Republic of),Wind Energy,,,,2021
Viet Nam,All technologies,203.9031481,,,2021
Viet Nam,Biogas,,,,2021
Viet Nam,CSP,,,,2021
Viet Nam,Geothermal Energy,,,,2021
Viet Nam,Hydropower,122.9331481,,,2021
Viet Nam,Liquid Biofuels,2.67,,,2021
Viet Nam,Municipal and industrial waste,,,,2021
Viet Nam,Others,,,,2021
Viet Nam,Solar Heating / Cooling,,,,2021
Viet Nam,Solar Photovoltaic,35.3,,,2021
Viet Nam,Solid Biomass,,,,2021
Viet Nam,"Tide, Wave and Ocean Energy",,,,2021
Viet Nam,Wind Energy,43,,,2021
Zambia,All technologies,14.83006729,,,2021
Zambia,Biogas,,,,2021
Zambia,CSP,,,,2021
Zambia,Geothermal Energy,,,,2021
Zambia,Hydropower,13.63006729,,,2021
Zambia,Liquid Biofuels,,,,2021
Zambia,Municipal and industrial waste,,,,2021
Zambia,Others,,,,2021
Zambia,Solar Heating / Cooling,,,,2021
Zambia,Solar Photovoltaic,1.2,,,2021
Zambia,Solid Biomass,,,,2021
Zambia,"Tide, Wave and Ocean Energy",,,,2021
Zambia,Wind Energy,,,,2021
Zimbabwe,All technologies,0.21,,,2021
Zimbabwe,Biogas,,,,2021
Zimbabwe,CSP,,,,2021
Zimbabwe,Geothermal Energy,,,,2021
Zimbabwe,Hydropower,,,,2021
Zimbabwe,Liquid Biofuels,,,,2021
Zimbabwe,Municipal and industrial waste,,,,2021
Zimbabwe,Others,,,,2021
Zimbabwe,Solar Heating / Cooling,0.21,,,2021
Zimbabwe,Solar Photovoltaic,,,,2021
Zimbabwe,Solid Biomass,,,,2021
Zimbabwe,"Tide, Wave and Ocean Energy",,,,2021
Zimbabwe,Wind Energy,,,,2021
